exp_type,total_spend,percentage_contribution
Bills,907072473.0,22.260357
Food,824724009.0,20.239453
Fuel,789135821.0,19.366088
Entertainment,726437536.0,17.827416
Grocery,718207923.0,17.625455
